PRAGMA foreign_keys=OFF;
BEGIN TRANSACTION;

-- Add Devices
INSERT INTO devices VALUES('0000112233445566',1,'Home','H001-0123456','','','','');
INSERT INTO devices VALUES('3333333333333333',3,'Pet Door','','5.55','','','');
INSERT INTO devices VALUES('4444444444444444',4,'Feeder','U004-0123456','6.198','','','');
INSERT INTO devices VALUES('6666666666666666',6,'Cat Flap','U004-0123456','6.198','','','');

-- Add Hub with uptime of 120 mins
INSERT INTO hubs VALUES('0000112233445566',0,0,1,120);

-- Add Pet Door and Cat Flap with curfews
INSERT INTO doors VALUES('3333333333333333',0,1,'06:45-08:45','000000');
INSERT INTO doors VALUES('6666666666666666',0,1,'06:48-07:21,10:00-10:45','000000');

-- Add Feeder with current weights and target weights
INSERT INTO feeders VALUES('4444444444444444',2,25,42,50,50,0);

-- Tag Map is used to map provisioned tags to devices
INSERT INTO tagmap VALUES('4444444444444444',0,'0123456789');
INSERT INTO tagmap VALUES('4444444444444444',1,'900.000123456788');
INSERT INTO tagmap VALUES('3333333333333333',0,'0123456789');
INSERT INTO tagmap VALUES('3333333333333333',1,'900.000123456788');
INSERT INTO tagmap VALUES('3333333333333333',2,'900.000123456789');
INSERT INTO tagmap VALUES('3333333333333333',3,'900.000001234567');
INSERT INTO tagmap VALUES('6666666666666666',0,'0123456789');
INSERT INTO tagmap VALUES('6666666666666666',1,'900.000123456788');
INSERT INTO tagmap VALUES('6666666666666666',2,'900.000123456789');
INSERT INTO tagmap VALUES('6666666666666666',3,'900.000001234567');

-- Pets / tags, with both HDX and FDX-B style tags and setting species
INSERT INTO pets VALUES('0123456789','HDX_Tag',0);
INSERT INTO pets VALUES('900.000001234567','FDX-B_Tag',0);
INSERT INTO pets VALUES('900.000123456788','Cat',1);
INSERT INTO pets VALUES('900.000123456789','Dog',2);

-- States of Pets/tags on device, such as inside/outside for a door or the last eaten value
INSERT INTO petstate VALUES('0123456789','3333333333333333','','1');
INSERT INTO petstate VALUES('0123456789','4444444444444444','','[0.03,0.17]');
INSERT INTO petstate VALUES('0123456789','6666666666666666','','1');
INSERT INTO petstate VALUES('900.000001234567','3333333333333333','','1');
INSERT INTO petstate VALUES('900.000001234567','6666666666666666','','1');
INSERT INTO petstate VALUES('900.000123456788','3333333333333333','','1');
INSERT INTO petstate VALUES('900.000123456788','4444444444444444','','[0.04,-40.03]');
INSERT INTO petstate VALUES('900.000123456788','6666666666666666','','1');
INSERT INTO petstate VALUES('900.000123456789','3333333333333333','','1');
INSERT INTO petstate VALUES('900.000123456789','6666666666666666','','1');

-- Counters required for all devices apart from the pet door when sending messages to the device
INSERT INTO devicecounter VALUES('4444444444444444',1,0);
INSERT INTO devicecounter VALUES('6666666666666666',1,0);

COMMIT;
